{"data_time": 0.0051951195000015105, "eta_seconds": 89.23138630000267, "fast_rcnn/cls_accuracy": 0.26953125, "fast_rcnn/false_negative": 0.5277777777777778, "fast_rcnn/fg_cls_accuracy": 0.4722222222222222, "iteration": 19, "loss_box_reg": 0.16471699625253677, "loss_cls": 0.7537315189838409, "loss_mask": 0.6928690373897552, "loss_rpn_cls": 0.049260588362812996, "loss_rpn_loc": 0.006052774144336581, "lr": 1.60675e-05, "mask_rcnn/accuracy": 0.5515341553287982, "mask_rcnn/false_negative": 0.40321513723687463, "mask_rcnn/false_positive": 0.5174665613640737, "rank_data_time": 0.0051951195000015105, "roi_head/num_bg_samples": 122.0, "roi_head/num_fg_samples": 6.0, "rpn/num_neg_anchors": 252.5, "rpn/num_pos_anchors": 3.5, "time": 0.31868352250000953, "total_loss": 1.6226475157309324}
{"data_time": 0.013154673500025638, "eta_seconds": 82.37248668999314, "fast_rcnn/cls_accuracy": 0.92578125, "fast_rcnn/false_negative": 1.0, "fast_rcnn/fg_cls_accuracy": 0.0, "iteration": 39, "loss_box_reg": 0.16971727460622787, "loss_cls": 0.49212871491909027, "loss_mask": 0.6888193190097809, "loss_rpn_cls": 0.05951133370399475, "loss_rpn_loc": 0.00758534437045455, "lr": 3.2717500000000007e-05, "mask_rcnn/accuracy": 0.6614431486880467, "mask_rcnn/false_negative": 0.10345281180142998, "mask_rcnn/false_positive": 0.6158935079650438, "rank_data_time": 0.013154673500025638, "roi_head/num_bg_samples": 121.5, "roi_head/num_fg_samples": 6.5, "rpn/num_neg_anchors": 252.25, "rpn/num_pos_anchors": 3.75, "time": 0.31532156100001885, "total_loss": 1.5026289667002857}
{"data_time": 0.010321700999952554, "eta_seconds": 77.8360233600074, "fast_rcnn/cls_accuracy": 0.9375, "fast_rcnn/false_negative": 1.0, "fast_rcnn/fg_cls_accuracy": 0.0, "iteration": 59, "loss_box_reg": 0.20658276975154877, "loss_cls": 0.28809650242328644, "loss_mask": 0.6802856922149658, "loss_rpn_cls": 0.041118405759334564, "loss_rpn_loc": 0.005128808785229921, "lr": 4.93675e-05, "mask_rcnn/accuracy": 0.699422477324263, "mask_rcnn/false_negative": 0.09423746418248788, "mask_rcnn/false_positive": 0.616364642838329, "rank_data_time": 0.010321700999952554, "roi_head/num_bg_samples": 120.0, "roi_head/num_fg_samples": 8.0, "rpn/num_neg_anchors": 252.75, "rpn/num_pos_anchors": 3.25, "time": 0.33533882449995644, "total_loss": 1.248175991466269}
{"data_time": 0.006190183499995783, "eta_seconds": 71.42190737000419, "fast_rcnn/cls_accuracy": 0.92578125, "fast_rcnn/false_negative": 1.0, "fast_rcnn/fg_cls_accuracy": 0.0, "iteration": 79, "loss_box_reg": 0.26322557032108307, "loss_cls": 0.25027263164520264, "loss_mask": 0.654856264591217, "loss_rpn_cls": 0.028954937122762203, "loss_rpn_loc": 0.006199010647833347, "lr": 6.60175e-05, "mask_rcnn/accuracy": 0.6999194414607948, "mask_rcnn/false_negative": 0.038853513459869454, "mask_rcnn/false_positive": 0.6371938098782397, "rank_data_time": 0.006190183499995783, "roi_head/num_bg_samples": 118.5, "roi_head/num_fg_samples": 9.5, "rpn/num_neg_anchors": 252.0, "rpn/num_pos_anchors": 4.0, "time": 0.32566966699999966, "total_loss": 1.2273304981645197}
{"data_time": 0.008947608500022852, "eta_seconds": 65.3758549000031, "fast_rcnn/cls_accuracy": 0.943359375, "fast_rcnn/false_negative": 1.0, "fast_rcnn/fg_cls_accuracy": 0.0, "iteration": 99, "loss_box_reg": 0.20020674169063568, "loss_cls": 0.21954811364412308, "loss_mask": 0.644233763217926, "loss_rpn_cls": 0.035657066851854324, "loss_rpn_loc": 0.006268733646720648, "lr": 8.266750000000001e-05, "mask_rcnn/accuracy": 0.7025125526401036, "mask_rcnn/false_negative": 0.07014444805482528, "mask_rcnn/false_positive": 0.6313456568557071, "rank_data_time": 0.008947608500022852, "roi_head/num_bg_samples": 120.75, "roi_head/num_fg_samples": 7.25, "rpn/num_neg_anchors": 252.5, "rpn/num_pos_anchors": 3.5, "time": 0.3436500430000251, "total_loss": 1.0964646097272635}
{"data_time": 0.00876763850004636, "eta_seconds": 58.838269410002795, "fast_rcnn/cls_accuracy": 0.916015625, "fast_rcnn/false_negative": 1.0, "fast_rcnn/fg_cls_accuracy": 0.0, "iteration": 119, "loss_box_reg": 0.27905453741550446, "loss_cls": 0.2554767280817032, "loss_mask": 0.6248906552791595, "loss_rpn_cls": 0.024562551639974117, "loss_rpn_loc": 0.0046765003353357315, "lr": 9.93175e-05, "mask_rcnn/accuracy": 0.7171410978184377, "mask_rcnn/false_negative": 0.07953939452711825, "mask_rcnn/false_positive": 0.5018218312277389, "rank_data_time": 0.00876763850004636, "roi_head/num_bg_samples": 117.25, "roi_head/num_fg_samples": 10.75, "rpn/num_neg_anchors": 252.5, "rpn/num_pos_anchors": 3.5, "time": 0.3272135349999985, "total_loss": 1.1799334464594722}
{"data_time": 0.007533452500013027, "eta_seconds": 52.57126255999992, "fast_rcnn/cls_accuracy": 0.90625, "fast_rcnn/false_negative": 1.0, "fast_rcnn/fg_cls_accuracy": 0.0, "iteration": 139, "loss_box_reg": 0.35143640637397766, "loss_cls": 0.24720284342765808, "loss_mask": 0.6097262799739838, "loss_rpn_cls": 0.018604984506964684, "loss_rpn_loc": 0.007920396979898214, "lr": 0.0001159675, "mask_rcnn/accuracy": 0.7260614067055394, "mask_rcnn/false_negative": 0.0768769612940916, "mask_rcnn/false_positive": 0.495723915736674, "rank_data_time": 0.007533452500013027, "roi_head/num_bg_samples": 116.0, "roi_head/num_fg_samples": 12.0, "rpn/num_neg_anchors": 252.5, "rpn/num_pos_anchors": 3.5, "time": 0.34197648250000157, "total_loss": 1.1963276939932257}
{"data_time": 0.010897064999994654, "eta_seconds": 46.37102148000167, "fast_rcnn/cls_accuracy": 0.890625, "fast_rcnn/false_negative": 1.0, "fast_rcnn/fg_cls_accuracy": 0.0, "iteration": 159, "loss_box_reg": 0.4131951183080673, "loss_cls": 0.2608994245529175, "loss_mask": 0.564782589673996, "loss_rpn_cls": 0.014183260034769773, "loss_rpn_loc": 0.00492472667247057, "lr": 0.0001326175, "mask_rcnn/accuracy": 0.7726801658163265, "mask_rcnn/false_negative": 0.13076404421238796, "mask_rcnn/false_positive": 0.3891357096331497, "rank_data_time": 0.010897064999994654, "roi_head/num_bg_samples": 114.0, "roi_head/num_fg_samples": 14.0, "rpn/num_neg_anchors": 252.25, "rpn/num_pos_anchors": 3.75, "time": 0.33277458249995107, "total_loss": 1.2629893987905234}
{"data_time": 0.00979737499994826, "eta_seconds": 39.7804103999988, "fast_rcnn/cls_accuracy": 0.896484375, "fast_rcnn/false_negative": 1.0, "fast_rcnn/fg_cls_accuracy": 0.0, "iteration": 179, "loss_box_reg": 0.3629409670829773, "loss_cls": 0.23174263536930084, "loss_mask": 0.5132838189601898, "loss_rpn_cls": 0.014135466422885656, "loss_rpn_loc": 0.00537430914118886, "lr": 0.0001492675, "mask_rcnn/accuracy": 0.7863332833133254, "mask_rcnn/false_negative": 0.13622994386091097, "mask_rcnn/false_positive": 0.30543572478813574, "rank_data_time": 0.00979737499994826, "roi_head/num_bg_samples": 114.75, "roi_head/num_fg_samples": 13.25, "rpn/num_neg_anchors": 252.5, "rpn/num_pos_anchors": 3.5, "time": 0.35206835349998755, "total_loss": 1.1133716139011085}
{"data_time": 0.006377098500024658, "eta_seconds": 33.2474862999959, "fast_rcnn/cls_accuracy": 0.896484375, "fast_rcnn/false_negative": 1.0, "fast_rcnn/fg_cls_accuracy": 0.0, "iteration": 199, "loss_box_reg": 0.3718513995409012, "loss_cls": 0.2175433710217476, "loss_mask": 0.4910530149936676, "loss_rpn_cls": 0.011403591837733984, "loss_rpn_loc": 0.004787422250956297, "lr": 0.0001659175, "mask_rcnn/accuracy": 0.781073968048758, "mask_rcnn/false_negative": 0.1320835751834724, "mask_rcnn/false_positive": 0.31003612671386344, "rank_data_time": 0.006377098500024658, "roi_head/num_bg_samples": 114.75, "roi_head/num_fg_samples": 13.25, "rpn/num_neg_anchors": 253.0, "rpn/num_pos_anchors": 3.0, "time": 0.3523852554999962, "total_loss": 1.0866004700073972}
{"data_time": 0.011335175999988678, "eta_seconds": 26.6437159599991, "fast_rcnn/cls_accuracy": 0.892578125, "fast_rcnn/false_negative": 1.0, "fast_rcnn/fg_cls_accuracy": 0.0, "iteration": 219, "loss_box_reg": 0.40017813444137573, "loss_cls": 0.2320949211716652, "loss_mask": 0.4491286426782608, "loss_rpn_cls": 0.011101198848336935, "loss_rpn_loc": 0.005013313377276063, "lr": 0.0001825675,